Date & Time,sku,name,brand,Average Rating,Rating Count,Sponsered,price,Sales Price,Express,Rank,Link
2024-12-29 18:02:16,Z798FC1A11A054EC807C5Z,Longchamp Wome,Longchamp,NA,NA,Y,399.90,179.90,Y,NA,https://www.noon.com/uae-en/longchamp-women-s-mini-makeup-bag-handbag-shoulder-bag-black-classic-strapless/Z798FC1A11A054EC807C5Z/p/?o=z798fc1a11a054ec807c5z-1
2024-12-29 18:02:18,Z418087CAC07977787D7BZ,Splicing Yoga Bloc,Folanry EVA Cork,NA,NA,Y,56.80,46.20,Y,NA,https://www.noon.com/uae-en/eva-cork-splicing-yoga-block-2-pack-22-8x15-2x7-6cm-high-density-double-sided-anti-slip-wear-resistant-yoga-brick-with-comfortable-edge-to-improve-balance-strength-and-flexibility/Z418087CAC07977787D7BZ/p/?o=z418087cac07977787d7bz-1
2024-12-29 18:02:18,ZE5D7520215AA49D4ED49Z,Resistance Loop B,TYCOM Tycom,5.0,3,Y,49,28.60,Y,NA,https://www.noon.com/uae-en/tycom-resistance-loop-bands-resistance-exercise-bands-set-workout-bands-flex-bands-for-home-fitness-stretching-strength-training-physical-therapy-yoga/ZE5D7520215AA49D4ED49Z/p/?o=ze5d7520215aa49d4ed49z-1
2024-12-29 18:02:20,Z1D3ADA6357558909323FZ,Balanced Body ME,Balanced Body,NA,NA,N,"21,000","21,000",Y,NA,https://www.noon.com/uae-en/balanced-body-metro-iq-reformer-bundle-advanced-high-tech-pilates-reformer-with-smart-features-for-full-body-fitness-core-training-and-home-or-studio-workouts/Z1D3ADA6357558909323FZ/p/?o=z1d3ada6357558909323fz-1
2024-12-29 18:02:21,Z30D4CCA1797EC4F25257Z,Pilates Reformer Pi,Other Manufacturer,NA,NA,N,"5,053","4,999",Y,NA,https://www.noon.com/uae-en/pilates-reformer-pilates-dirac-loft-bed-yoga-bed-home-commercial-fitness-equipment/Z30D4CCA1797EC4F25257Z/p/?o=z30d4cca1797ec4f25257z-1
2024-12-29 18:02:22,ZA20A29558D85EF0EDB9EZ,Longchamp wome,Longchamp,NA,NA,Y,399.90,156.85,Y,NA,https://www.noon.com/uae-en/longchamp-women-s-large-tote-bag-handbag-shoulder-bag-navy-blue-classic-style-topic/ZA20A29558D85EF0EDB9EZ/p/?o=za20a29558d85ef0edb9ez-1
2024-12-29 18:02:23,Z1FFBA90CF03B4E1CDF5CZ,EVA Foam Roller f,MahMir Mahmir®,3.4,3,Y,29.95,29.95,Y,NA,https://www.noon.com/uae-en/mahmir-eva-foam-roller-for-yoga-deep-tissue-massage-stretching-physical-therapy-relieve-stress-improve-mobility-with-foam-roller-for-legs-and-muscles-deep-tissue-massage-tool-light-blue/Z1FFBA90CF03B4E1CDF5CZ/p/?o=z1ffba90cf03b4e1cdf5cz-1
2024-12-29 18:02:24,ZE94894E319EC24478F43Z,Longchamp wome,Longchamp,NA,NA,Y,399.90,156.85,Y,NA,https://www.noon.com/uae-en/longchamp-women-s-large-tote-bag-handbag-shoulder-bag-black-classic-style/ZE94894E319EC24478F43Z/p/?o=ze94894e319ec24478f43z-1
2024-12-29 18:02:26,ZC252AE4B171F6F4B24C7Z,COOLBABY Pilates,Cool Baby Style,NA,NA,N,"4,779","3,910",Y,NA,https://www.noon.com/uae-en/coolbaby-pilates-reformer-pilates-multifunctional-yoga-bed-pilates-core-bed-fitness-equipment-pilates-training-bed-strength-adjustment-solid-wood/ZC252AE4B171F6F4B24C7Z/p/?o=zc252ae4b171f6f4b24c7z-1
2024-12-29 18:02:28,Z3C8FFE396E1C4B2EFA2DZ,Bed Yoga Studio Pi,Generic Pilates Yoga,NA,NA,N,"2,500","1,569",Y,NA,https://www.noon.com/uae-en/pilates-yoga-bed-yoga-studio-pilates-core-bed-pilates-training-bed-strength-adjustment-stainless-steel-yoga-training-bed/Z3C8FFE396E1C4B2EFA2DZ/p/?o=z3c8ffe396e1c4b2efa2dz-1
2024-12-29 18:02:28,Z3FC10B9FD90B6EEE796CZ,COOLBABY Pilates,Cool Baby Style,NA,NA,N,"5,422","4,365",N,NA,https://www.noon.com/uae-en/coolbaby-pilates-reformer-pilates-core-bed-yoga-bed-sports-aluminum-alloy-material-home-stretch-home-stretch-training-fitness-equipment-folding-model/Z3FC10B9FD90B6EEE796CZ/p/?o=z3fc10b9fd90b6eee796cz-1
2024-12-29 18:02:29,Z24E1B5B4FDE8BB5C6111Z,Mat with Carrying ,Bernessi 8MM Yoga,4.8,66,N,165,69.90,Y,NA,https://www.noon.com/uae-en/8mm-yoga-mat-with-carrying-strap-anti-slip-for-home-workout-exercises-meditation-eco-friendly-non-skid-tpe-yoga-mattres-for-pilates-183x61x0-8cm-thick-pink-black-color/Z24E1B5B4FDE8BB5C6111Z/p/?o=z24e1b5b4fde8bb5c6111z-1
2024-12-29 18:02:30,Z714F3CFBAE5CFA36FAC1Z,COOLBABY Pilates,Cool Baby Style,NA,NA,N,"5,053","4,999",Y,NA,https://www.noon.com/uae-en/coolbaby-pilates-core-bed-yoga-bed-sports-solid-wood-pilates-equipment-home-stretch-home-stretch-training-fitness-equipment-foldable/Z714F3CFBAE5CFA36FAC1Z/p/?o=z714f3cfbae5cfa36fac1z-1
2024-12-29 18:02:31,ZD7445E31DDB7FA7F9DA9Z,"Slip Socks, Women",Fazza 3 Pairs Non,4.0,1,Y,75,48.40,Y,NA,https://www.noon.com/uae-en/3-pairs-non-slip-socks-women-fashion-all-season-socks-sports-casual-simple-striped-colors-for-pilates-yoga-barre-ballet-dance-fitness-football-mid-tube-socks-free-size/ZD7445E31DDB7FA7F9DA9Z/p/?o=zd7445e31ddb7fa7f9da9z-1
2024-12-29 18:02:32,Z549615CC1C4033D14D98Z,Nnewvante Silk Sl,NNEWVANTE,3.5,5,Y,35.95,23.90,Y,NA,https://www.noon.com/uae-en/nnewvante-silk-sleep-mask-2-pack-100-real-natural-pure-silk-eye-mask-with-adjustable-strap-eye-mask-for-sleeping-eye-sleep-shade-cover-blocks-light-reduces-puffy-eyes-gifts/Z549615CC1C4033D14D98Z/p/?o=z549615cc1c4033d14d98z-1
2024-12-29 18:02:34,ZCE5BCC82B1881A523CD9Z,Reformer Pilates S,Generic Pilates,NA,NA,N,"3,089","2,729",Y,NA,https://www.noon.com/uae-en/pilates-reformer-pilates-solid-wood-ladder-bucket-yoga-body-sculpting-slimming-home-fitness-equipment/ZCE5BCC82B1881A523CD9Z/p/?o=zce5bcc82b1881a523cd9z-1
2024-12-29 18:02:35,Z84E79009D86BEC82134CZ,Bed Yoga Studio Pi,Generic Pilates Yoga,5.0,1,N,"1,999","1,599",Y,NA,https://www.noon.com/uae-en/pilates-yoga-bed-yoga-studio-pilates-core-bed-pilates-training-bed-strength-adjustment-stainless-steel-yoga-training-bed/Z84E79009D86BEC82134CZ/p/?o=z84e79009d86bec82134cz-1
2024-12-29 18:02:36,Z15F5C5E12DEF48215DDBZ,Dirac Loft Bed Yog,Generic Pilates,NA,NA,N,"4,999","3,709",N,NA,https://www.noon.com/uae-en/pilates-dirac-loft-bed-yoga-bed-home-commercial-fitness-equipment/Z15F5C5E12DEF48215DDBZ/p/?o=z15f5c5e12def48215ddbz-1
2024-12-29 18:02:36,Z3C8FFE396E1C4B2EFA2DZ,Bed Yoga Studio Pi,Generic Pilates Yoga,NA,NA,Y,"2,500","1,569",Y,NA,https://www.noon.com/uae-en/pilates-yoga-bed-yoga-studio-pilates-core-bed-pilates-training-bed-strength-adjustment-stainless-steel-yoga-training-bed/Z3C8FFE396E1C4B2EFA2DZ/p/?o=z3c8ffe396e1c4b2efa2dz-1
2024-12-29 18:02:38,ZB0ABF4DF8F76F9BEE598Z,bags Standing pun,Generic Punching,5.0,3,N,599,599,Y,NA,https://www.noon.com/uae-en/punching-bags-standing-punching-bags-are-available-for-families-of-adults-or-children/ZB0ABF4DF8F76F9BEE598Z/p/?o=zb0abf4df8f76f9bee598z-1
2024-12-29 18:02:38,N20034889A,Exercise Mat With ,Generic Anti-Tear,4.3,1.6K,N,37.35,37.35,Y,NA,https://www.noon.com/uae-en/anti-tear-exercise-mat-with-carrying-strap/N20034889A/p/?o=f2d873be1dd8236b
2024-12-29 18:02:39,Z143BA04D58F71AF3CC94Z,Mat for Women an,GROIC Fitness Yoga,5.0,7,N,200,87.40,Y,NA,https://www.noon.com/uae-en/fitness-yoga-mat-for-women-and-men-large-4mm-thick-68-inch-24-inch-non-slip-exercise-mats-w-70-printed-yoga-poses-for-pilates-workout-and-stretching-home-and-gym-essentials/Z143BA04D58F71AF3CC94Z/p/?o=z143ba04d58f71af3cc94z-1
2024-12-29 18:02:41,Z603FF8FD1BFB572D8D9FZ,for Women and Me,URbazaar Yoga Mat,4.7,3,Y,69.90,50.90,Y,NA,https://www.noon.com/uae-en/yoga-mat-for-women-and-men-extra-long-and-wide-exercise-mat-72-x24-large-non-slip-workout-mat-for-yoga-pilates-fitness-barefoot-workouts-home-gym-studio/Z603FF8FD1BFB572D8D9FZ/p/?o=z603ff8fd1bfb572d8d9fz-1
2024-12-29 18:02:43,Z3C8DAF40330507AC95A4Z,Tote Bag Large Siz,LACOSTE Lacoste,NA,NA,Y,299,152.75,Y,NA,https://www.noon.com/uae-en/lacoste-tote-bag-large-size-black-color/Z3C8DAF40330507AC95A4Z/p/?o=z3c8daf40330507ac95a4z-1
2024-12-29 18:02:43,Z4F92579021C1CA25613BZ,Align-Pilates Leg E,Align-Pilates,NA,NA,Y,250,230,N,NA,https://www.noon.com/uae-en/align-pilates-leg-extensions-for-r8-pro-pilates-reformer/Z4F92579021C1CA25613BZ/p/?o=z4f92579021c1ca25613bz-1
2024-12-29 18:02:45,ZE63C373AD23090CCA010Z,Align-Pilates Pro Si,Align-Pilates,NA,NA,N,"1,690","1,400",N,NA,https://www.noon.com/uae-en/align-pilates-pro-sitting-box-for-reformers-comfortable-durable-pilates-accessory-versatile-exercise-support-black/ZE63C373AD23090CCA010Z/p/?o=ze63c373ad23090cca010z-1
2024-12-29 18:02:46,Z30868C98E61D2ABA2621Z,EVA Foam Roller f,MahMir Mahmir®,4.0,8,Y,29.95,29.95,Y,NA,https://www.noon.com/uae-en/mahmir-eva-foam-roller-for-yoga-deep-tissue-massage-stretching-physical-therapy-relieve-stress-improve-mobility-with-foam-roller-for-legs-and-muscles-deep-tissue-massage-tool-pink/Z30868C98E61D2ABA2621Z/p/?o=z30868c98e61d2aba2621z-1
2024-12-29 18:02:47,ZC374CA1934FE13616230Z,Pilates Reformer Pi,Cool Baby Style,NA,NA,N,"2,299","1,899",Y,NA,https://www.noon.com/uae-en/pilates-reformer-pilates-stable-chair-balance-trainer-multifunctional-fitness-equipment/ZC374CA1934FE13616230Z/p/?o=zc374ca1934fe13616230z-1
2024-12-29 18:02:48,Z8CEEC76F0B9EC0122F38Z,Longchamp Le Plia,Longchamp,5.0,4,N,164.90,164.90,Y,NA,https://www.noon.com/uae-en/longchamp-le-pliage-original-large-navy-tote-bag-for-women-l1899089p68/Z8CEEC76F0B9EC0122F38Z/p/?o=z8ceec76f0b9ec0122f38z-1
2024-12-29 18:02:49,ZC2E7099EE4B3E0414D39Z,"Kit, Durable Pilates",GROIC Pilates Bar,NA,NA,N,200,82.95,Y,NA,https://www.noon.com/uae-en/pilates-bar-kit-durable-pilates-bar-kit-with-125-lbs-resistance-bands-for-women-men-with-workout-guide-perfect-for-beginner-pilates-equipment-for-home-gym-travel-office-use/ZC2E7099EE4B3E0414D39Z/p/?o=zc2e7099ee4b3e0414d39z-1
2024-12-29 18:02:51,Z212ACDF2F7760CD34A11Z,Mat with Carrying ,Bernessi 8MM Yoga,5.0,4,N,180,61.25,Y,NA,https://www.noon.com/uae-en/8mm-yoga-mat-with-carrying-strap-anti-slip-for-home-workout-exercises-meditation-eco-friendly-non-skid-tpe-yoga-mattres-for-pilates-183x61x0-8cm-thick-light-pink-black-color/Z212ACDF2F7760CD34A11Z/p/?o=z212acdf2f7760cd34a11z-1
2024-12-29 18:02:51,N16718794A,Mat,Emfil Anti Skid Yoga,4.5,387,N,30.05,30.05,Y,NA,https://www.noon.com/uae-en/anti-skid-yoga-mat/N16718794A/p/?o=a5c620b3ccf5175a
2024-12-29 18:02:53,Z806209A62BA1D05C47E5Z,Longchamp Le Plia,Longchamp,5.0,4,N,164.90,164.90,Y,NA,https://www.noon.com/uae-en/longchamp-le-pliage-original-large-black-tote-bag-with-handle-for-women-l1899089001/Z806209A62BA1D05C47E5Z/p/?o=z806209a62ba1d05c47e5z-1
2024-12-29 18:02:55,Z26D85EAC144F1FA830BDZ,Mat for Home Wor,Vparty Thick Yoga,5.0,3,N,69.95,59.90,N,NA,https://www.noon.com/uae-en/thick-yoga-mat-for-home-workout-183x61x0-6cm-non-slip-exercise-fitness-yoga-mats-eco-friendly-tpe-exercise-mats-for-home-workout-with-strap-carrying-bag/Z26D85EAC144F1FA830BDZ/p/?o=z26d85eac144f1fa830bdz-1
2024-12-29 18:02:56,ZA63BF70F800CF9C3D86DZ,Longchamp Wome,Longchamp,NA,NA,Y,399.90,399.90,Y,NA,https://www.noon.com/uae-en/longchamp-women-s-mini-makeup-bag-handbag-shoulder-bag-steel-grey-classic/ZA63BF70F800CF9C3D86DZ/p/?o=za63bf70f800cf9c3d86dz-1
2024-12-29 18:02:56,Z02D819D2E69D3C19F2C0Z,- 10Mm - Red,Adidas Training Mat,NA,NA,N,195,132,Y,NA,https://www.noon.com/uae-en/training-mat-10mm-red/Z02D819D2E69D3C19F2C0Z/p/?o=z02d819d2e69d3c19f2c0z-1
2024-12-29 18:02:58,Z4F92579021C1CA25613BZ,Align-Pilates Leg E,Align-Pilates,NA,NA,N,250,230,N,NA,https://www.noon.com/uae-en/align-pilates-leg-extensions-for-r8-pro-pilates-reformer/Z4F92579021C1CA25613BZ/p/?o=z4f92579021c1ca25613bz-1
2024-12-29 18:02:58,ZFC2F5FDADFE479BB0DF4Z,Mat 6mm with Alig,RIGID FITNESS Yoga,5.0,10,N,95,95,Y,NA,https://www.noon.com/uae-en/yoga-mat-6mm-with-alignments-anti-slip-tpe-yoga-mat-with-carry-bag-precision-alignment-lines-lightweight-durable-for-all-fitness-exercises-thick-training-mat-183-66cm-green/ZFC2F5FDADFE479BB0DF4Z/p/?o=zfc2f5fdadfe479bb0df4z-1
2024-12-29 18:02:59,ZE94894E319EC24478F43Z,Longchamp wome,Longchamp,NA,NA,N,399.90,156.85,Y,NA,https://www.noon.com/uae-en/longchamp-women-s-large-tote-bag-handbag-shoulder-bag-black-classic-style/ZE94894E319EC24478F43Z/p/?o=ze94894e319ec24478f43z-1
2024-12-29 18:03:00,Z32CADD1858C6D6393BC3Z,Yoga Sports and E,Eworld Anti-slip,NA,NA,N,34.95,34.95,Y,NA,https://www.noon.com/uae-en/anti-slip-yoga-sports-and-exercise-mat-with-carrying-strap-water-repellent-moisture-proof-for-home-and-gym-grey/Z32CADD1858C6D6393BC3Z/p/?o=z32cadd1858c6d6393bc3z-1
2024-12-29 18:03:01,Z2130DCBA24F1310809F6Z,Mat for Women an,GROIC Fitness Yoga,5.0,1,N,200,90.70,Y,NA,https://www.noon.com/uae-en/fitness-yoga-mat-for-women-and-men-large-4mm-thick-68-inch-24-inch-non-slip-exercise-mats-w-70-printed-yoga-poses-for-pilates-workout-and-stretching-home-and-gym-essentials/Z2130DCBA24F1310809F6Z/p/?o=z2130dcba24f1310809f6z-1
2024-12-29 18:03:03,Z08D5C014B433E9836595Z,Mat for Home Wor,Vparty Thick Yoga,NA,NA,N,69.95,59.90,N,NA,https://www.noon.com/uae-en/thick-yoga-mat-for-home-workout-183x61x0-6cm-non-slip-exercise-fitness-yoga-mats-eco-friendly-tpe-exercise-mats-for-home-workout-with-strap-carrying-bag/Z08D5C014B433E9836595Z/p/?o=z08d5c014b433e9836595z-1
2024-12-29 18:03:03,ZE3FFF1B6FFB81E419224Z,Fitness Exercise B,ZCM-HAPPY Yoga,5.0,2,Y,55,33,Y,NA,https://www.noon.com/uae-en/yoga-fitness-exercise-ball-with-air-pump-75cm/ZE3FFF1B6FFB81E419224Z/p/?o=ze3fff1b6ffb81e419224z-1
2024-12-29 18:03:04,ZFC4F2BC1E9DC7B33305BZ,Ankle Weights Set ,Qiccijoo Qiccijoo,NA,NA,Y,89,89,Y,NA,https://www.noon.com/uae-en/qiccijoo-ankle-weights-set-1-pair-4kg-8-8lb-workout-ankle-weights-for-women-or-men-wrist-leg-weights-for-fitness-running-walking-2-2kg-4-4lb-blue/ZFC4F2BC1E9DC7B33305BZ/p/?o=zfc4f2bc1e9dc7b33305bz-1
2024-12-29 18:03:05,Z24E1B5B4FDE8BB5C6111Z,Mat with Carrying ,Bernessi 8MM Yoga,4.8,66,Y,165,69.90,Y,NA,https://www.noon.com/uae-en/8mm-yoga-mat-with-carrying-strap-anti-slip-for-home-workout-exercises-meditation-eco-friendly-non-skid-tpe-yoga-mattres-for-pilates-183x61x0-8cm-thick-pink-black-color/Z24E1B5B4FDE8BB5C6111Z/p/?o=z24e1b5b4fde8bb5c6111z-1
2024-12-29 18:03:07,ZC656414B1613DAAB6747Z,Pear Wander Print ,Prickly Pear Prickly,NA,NA,N,415,275,Y,NA,https://www.noon.com/uae-en/prickly-pear-wander-print-non-slip-4mm-yoga-mat-with-strap-premium-exercise-mat/ZC656414B1613DAAB6747Z/p/?o=zc656414b1613daab6747z-1
2024-12-29 18:03:08,Z3D591942C928706275A9Z,"Cooling Towel, Ice ",Generic 6Pcs,NA,NA,N,99.90,28.30,Y,NA,https://www.noon.com/uae-en/6pcs-cooling-towel-ice-sports-towel-cool-towel-for-instant-cooling-for-yoga-travel-golf-gym-camping-fitness-running-workout-more-activities-31-5-x11-8/Z3D591942C928706275A9Z/p/?o=z3d591942c928706275a9z-1
2024-12-29 18:03:09,ZFE3A2FA4D7500B905162Z,Bag with Water Bo,Generic Yoga Mat,NA,NA,N,99,52.95,Y,NA,https://www.noon.com/uae-en/yoga-mat-bag-with-water-bottle-pocket-and-bottom-wet-compartment-multifunctional-sports-yoga-mat-carrier-and-storage-bag/ZFE3A2FA4D7500B905162Z/p/?o=zfe3a2fa4d7500b905162z-1
2024-12-29 18:03:10,Z27DA01CB188BC45BD1CDZ,Pear Daydream Yo,Prickly Pear Prickly,NA,NA,N,415,275,Y,NA,https://www.noon.com/uae-en/prickly-pear-daydream-yoga-mat-suede-top-non-slip-4mm-premium-yoga-mat-with-suede-top-and-strap-ideal-for-home-or-studio-use/Z27DA01CB188BC45BD1CDZ/p/?o=z27da01cb188bc45bd1cdz-1
2024-12-29 18:03:11,Z603FF8FD1BFB572D8D9FZ,for Women and Me,URbazaar Yoga Mat,4.7,3,N,69.90,50.90,Y,NA,https://www.noon.com/uae-en/yoga-mat-for-women-and-men-extra-long-and-wide-exercise-mat-72-x24-large-non-slip-workout-mat-for-yoga-pilates-fitness-barefoot-workouts-home-gym-studio/Z603FF8FD1BFB572D8D9FZ/p/?o=z603ff8fd1bfb572d8d9fz-1
2024-12-29 18:03:13,Z5B557BA405F39E1C40DEZ,Yoga Mat Anti-Slip ,MahMir MahMir,4.4,23,N,69.95,44.95,Y,NA,https://www.noon.com/uae-en/mahmir-yoga-mat-anti-slip-exercise-mat-with-carrying-bag-fitness-mat-for-pilates-183cm-61cm-6mm-thickness-for-woman-man-beginners-pink-light-grey/Z5B557BA405F39E1C40DEZ/p/?o=z5b557ba405f39e1c40dez-1
2024-12-29 18:03:15,ZB5FB2AC421C0322DAF7BZ,Bag Canvas Fashio,YQbest Yoga Mat,NA,NA,N,99,46.65,Y,NA,https://www.noon.com/uae-en/yoga-mat-bag-canvas-fashion-with-large-pocket-zipper-fit-most-size-mats-tote-sling-carrier-for-pilates-gym-exercise-fitness-design-3/ZB5FB2AC421C0322DAF7BZ/p/?o=zb5fb2ac421c0322daf7bz-1
2024-12-29 18:03:16,ZC68F4118C301549C5AE6Z,Pear Breathe Deep,Prickly Pear Prickly,NA,NA,N,415,275,Y,NA,https://www.noon.com/uae-en/prickly-pear-breathe-deep-non-slip-4mm-yoga-mat-with-strap-comfortable-fitness-mat/ZC68F4118C301549C5AE6Z/p/?o=zc68f4118c301549c5ae6z-1
2024-12-29 18:03:16,Z8BEBE634C0D4211AB6E4Z,Tote Bag Large Siz,LACOSTE Lacoste,5.0,1,N,299,299,Y,NA,https://www.noon.com/uae-en/lacoste-tote-bag-large-size-navy-blue/Z8BEBE634C0D4211AB6E4Z/p/?o=z8bebe634c0d4211ab6e4z-1
2024-12-29 18:03:18,Z8DE7372A006C4309D78BZ,Socks for Women ,LIMOS Sports Yoga,5.0,13,N,39,39,N,NA,https://www.noon.com/uae-en/sports-yoga-socks-for-women-pack-of-3-pairs/Z8DE7372A006C4309D78BZ/p/?o=z8de7372a006c4309d78bz-1
2024-12-29 18:03:18,Z6744CF0C300C15718ECAZ,Puzzle Exercise Flo,GROIC 12 Pack,3.1,7,N,200,67.55,Y,NA,https://www.noon.com/uae-en/12-pack-puzzle-exercise-floor-mat-eva-foam-mats-with-interlocking-floor-tiles-12-x-12-foam-gym-mat-protective-flooring-mats-interlocking-for-home-and-gym-equipment/Z6744CF0C300C15718ECAZ/p/?o=z6744cf0c300c15718ecaz-1
2024-12-29 18:03:19,Z2900192DEE4F310FC919Z,Bag with Bottom P,GROIC Yoga Mat,4.0,1,N,200,55.65,Y,NA,https://www.noon.com/uae-en/yoga-mat-bag-with-bottom-pocket-exercise-yoga-mat-carrier-multi-functional-storage-bag-yoga-gym-bag-yoga-mat-carrier-bag-for-class-workout-park/Z2900192DEE4F310FC919Z/p/?o=z2900192dee4f310fc919z-1
2024-12-29 18:03:20,ZE4D54B66966654A0570FZ,"Extra Wide 72""x 31.","GROIC Yoga Mat,",NA,NA,N,250,112.95,Y,NA,https://www.noon.com/uae-en/yoga-mat-extra-wide-72-x-31-9-x-0-24-pilates-fitness-mats-with-alignment-marks-non-slip-fitness-yoga-mats-exercise-mats-for-yoga-pilates-home-floor-workout-with-carrying-sling-and-storage-bag/ZE4D54B66966654A0570FZ/p/?o=ze4d54b66966654a0570fz-1
2024-12-29 18:03:22,ZA20A29558D85EF0EDB9EZ,Longchamp wome,Longchamp,NA,NA,N,399.90,156.85,Y,NA,https://www.noon.com/uae-en/longchamp-women-s-large-tote-bag-handbag-shoulder-bag-navy-blue-classic-style-topic/ZA20A29558D85EF0EDB9EZ/p/?o=za20a29558d85ef0edb9ez-1
2024-12-29 18:03:23,Z44D642E0BA0EB1A2E01AZ,"Gym Towel,Ice Tow",Generic Cooling,NA,NA,N,29,24.65,Y,NA,https://www.noon.com/uae-en/cooling-gym-towel-ice-towel-for-neck-and-face-chilly-towel-with-silicone-portable-storage-box-breathable-sweat-towel-for-yoga-running-gym-outdoor-sports-80cm-x-30cm-pink/Z44D642E0BA0EB1A2E01AZ/p/?o=z44d642e0ba0eb1a2e01az-1
2024-12-29 18:03:23,ZA1114CA39AA013453B19Z,Vibrating Foam Rol,Generic Electric,NA,NA,N,270.95,270.95,N,NA,https://www.noon.com/uae-en/electric-vibrating-foam-roller-5-speed-rechargeable-high-density-back-roller-for-exercise-yoga-massage-back-pain-relief-muscle-recovery-physical-therapy-gray/ZA1114CA39AA013453B19Z/p/?o=za1114ca39aa013453b19z-1
2024-12-29 18:03:24,Z3C8DAF40330507AC95A4Z,Tote Bag Large Siz,LACOSTE Lacoste,NA,NA,N,299,152.75,Y,NA,https://www.noon.com/uae-en/lacoste-tote-bag-large-size-black-color/Z3C8DAF40330507AC95A4Z/p/?o=z3c8daf40330507ac95a4z-1
2024-12-29 18:03:24,ZE2F44D040EE0D524F04DZ,Wedge Massage C,Generic Pilates Yoga,NA,NA,N,299,236.65,Y,NA,https://www.noon.com/uae-en/pilates-yoga-wedge-massage-correction-yoga-foam-kyphosis-correction-detachable-large-spine-yoga-equipment/ZE2F44D040EE0D524F04DZ/p/?o=ze2f44d040ee0d524f04dz-1
2024-12-29 18:03:25,Z7E8691095DE12BB03CB8Z,Wedge Massage C,Generic Pilates Yoga,NA,NA,N,299,236.55,Y,NA,https://www.noon.com/uae-en/pilates-yoga-wedge-massage-correction-yoga-foam-kyphosis-correction-detachable-large-spine-yoga-equipment/Z7E8691095DE12BB03CB8Z/p/?o=z7e8691095de12bb03cb8z-1
2024-12-29 18:03:26,Z51DB6D7BA0BE8A97A36FZ,Bag with Water Bo,Generic Yoga Mat,NA,NA,N,99,99,N,NA,https://www.noon.com/uae-en/yoga-mat-bag-with-water-bottle-pocket-and-bottom-wet-compartment-multifunctional-sports-yoga-mat-carrier-and-storage-bag/Z51DB6D7BA0BE8A97A36FZ/p/?o=z51db6d7ba0be8a97a36fz-1
2024-12-29 18:03:26,Z96DC8994299C54DF309CZ,Bag with Water Bo,Generic Yoga Mat,NA,NA,N,99,99,N,NA,https://www.noon.com/uae-en/yoga-mat-bag-with-water-bottle-pocket-and-bottom-wet-compartment-multifunctional-sports-yoga-mat-carrier-and-storage-bag/Z96DC8994299C54DF309CZ/p/?o=z96dc8994299c54df309cz-1
2024-12-29 18:03:27,Z55690DC1CB6C6548422FZ,Yoga Mat Carrier,Gaiam On-The-Go,5.0,1,N,129,62,Y,NA,https://www.noon.com/uae-en/on-the-go-yoga-mat-carrier/Z55690DC1CB6C6548422FZ/p/?o=z55690dc1cb6c6548422fz-1
2024-12-29 18:03:32,Z798FC1A11A054EC807C5Z,Longchamp Wome,Longchamp,NA,NA,Y,399.90,179.90,Y,NA,https://www.noon.com/uae-en/longchamp-women-s-mini-makeup-bag-handbag-shoulder-bag-black-classic-strapless/Z798FC1A11A054EC807C5Z/p/?o=z798fc1a11a054ec807c5z-1
2024-12-29 18:03:33,Z418087CAC07977787D7BZ,Splicing Yoga Bloc,Folanry EVA Cork,NA,NA,Y,56.80,46.20,Y,NA,https://www.noon.com/uae-en/eva-cork-splicing-yoga-block-2-pack-22-8x15-2x7-6cm-high-density-double-sided-anti-slip-wear-resistant-yoga-brick-with-comfortable-edge-to-improve-balance-strength-and-flexibility/Z418087CAC07977787D7BZ/p/?o=z418087cac07977787d7bz-1
2024-12-29 18:03:35,ZE5D7520215AA49D4ED49Z,Resistance Loop B,TYCOM Tycom,NA,NA,Y,49,28.60,Y,NA,https://www.noon.com/uae-en/tycom-resistance-loop-bands-resistance-exercise-bands-set-workout-bands-flex-bands-for-home-fitness-stretching-strength-training-physical-therapy-yoga/ZE5D7520215AA49D4ED49Z/p/?o=ze5d7520215aa49d4ed49z-1
2024-12-29 18:03:37,N43426778A,Titanium Cutting B,Generic Thick,NA,NA,N,211.90,197.45,N,NA,https://www.noon.com/uae-en/thick-titanium-cutting-board-25x15x0-2cm/N43426778A/p/?o=a1ea4ba3e65b5eac
2024-12-29 18:03:37,Z4DDA125062C7766547DDZ,Yoga Mat Anti-Slip ,MahMir MahMir,NA,NA,N,69.95,44.95,Y,NA,https://www.noon.com/uae-en/mahmir-yoga-mat-anti-slip-exercise-mat-with-carrying-bag-fitness-mat-for-pilates-183cm-61cm-6mm-thickness-for-woman-man-beginners-purple-pink/Z4DDA125062C7766547DDZ/p/?o=z4dda125062c7766547ddz-1
2024-12-29 18:03:37,ZA20A29558D85EF0EDB9EZ,Longchamp wome,Longchamp,NA,NA,Y,399.90,156.85,Y,NA,https://www.noon.com/uae-en/longchamp-women-s-large-tote-bag-handbag-shoulder-bag-navy-blue-classic-style-topic/ZA20A29558D85EF0EDB9EZ/p/?o=za20a29558d85ef0edb9ez-1
2024-12-29 18:03:39,Z1FFBA90CF03B4E1CDF5CZ,EVA Foam Roller f,MahMir Mahmir®,NA,NA,Y,29.95,29.95,Y,NA,https://www.noon.com/uae-en/mahmir-eva-foam-roller-for-yoga-deep-tissue-massage-stretching-physical-therapy-relieve-stress-improve-mobility-with-foam-roller-for-legs-and-muscles-deep-tissue-massage-tool-light-blue/Z1FFBA90CF03B4E1CDF5CZ/p/?o=z1ffba90cf03b4e1cdf5cz-1
2024-12-29 18:03:39,ZE94894E319EC24478F43Z,Longchamp wome,Longchamp,NA,NA,Y,399.90,156.85,Y,NA,https://www.noon.com/uae-en/longchamp-women-s-large-tote-bag-handbag-shoulder-bag-black-classic-style/ZE94894E319EC24478F43Z/p/?o=ze94894e319ec24478f43z-1
2024-12-29 18:03:42,ZBD63D22D7E92C0DD530EZ,Kit with Resistance,Generic Pilates Bar,NA,NA,N,150,120,Y,NA,https://www.noon.com/uae-en/pilates-bar-kit-with-resistance-bands-150lbs-resistance-bands-set-with-bar-portable-pilates-equipment/ZBD63D22D7E92C0DD530EZ/p/?o=zbd63d22d7e92c0dd530ez-1
2024-12-29 18:03:45,Z6D2C5322FF21EAB9342EZ,Trainer Sauna Vest,GROIC Men's Waist,NA,NA,N,200,48.15,N,NA,https://www.noon.com/uae-en/men-s-waist-trainer-sauna-vest-weight-loss-body-shaper-sweat-vest-for-men-with-double-belt-and-zipper-corset-plus-size-l/Z6D2C5322FF21EAB9342EZ/p/?o=fc45678dbcb29c0a
2024-12-29 18:03:47,Z7F6B3B84F83A859C59FCZ,Bag,Gaiam Yoga Mat,NA,NA,N,309,194.50,Y,NA,https://www.noon.com/uae-en/yoga-mat-bag/Z7F6B3B84F83A859C59FCZ/p/?o=z7f6b3b84f83a859c59fcz-1
2024-12-29 18:03:50,ZCAFC184D73864AC47048Z,SandBell Sandbag,GROIC 5Kg,NA,NA,N,200,41.10,N,NA,https://www.noon.com/uae-en/5kg-sandbell-sandbag-filled-exercise-pattern-workout-bag-use-at-home-gym-equipment-an-anywhere-sand-bag-kettlebell-ships-pre-filled-for-fitness/ZCAFC184D73864AC47048Z/p/?o=bcbb5d70c1c86e0d
2024-12-29 18:03:51,ZB6A26C6FF922D524ABBAZ,Yoga Mat Anti-Slip ,MahMir MahMir,NA,NA,N,59.95,44.95,Y,NA,https://www.noon.com/uae-en/mahmir-yoga-mat-anti-slip-exercise-mat-with-carrying-bag-fitness-mat-for-pilates-183cm-61cm-6mm-thickness-for-woman-man-beginners-black-light-grey/ZB6A26C6FF922D524ABBAZ/p/?o=zb6a26c6ff922d524abbaz-1
2024-12-29 18:03:52,ZD7445E31DDB7FA7F9DA9Z,"Slip Socks, Wome",Fazza 3 Pairs Non,NA,NA,Y,75,48.40,Y,NA,https://www.noon.com/uae-en/3-pairs-non-slip-socks-women-fashion-all-season-socks-sports-casual-simple-striped-colors-for-pilates-yoga-barre-ballet-dance-fitness-football-mid-tube-socks-free-size/ZD7445E31DDB7FA7F9DA9Z/p/?o=zd7445e31ddb7fa7f9da9z-1
2024-12-29 18:03:55,Z549615CC1C4033D14D98Z,Nnewvante Silk Sl,NNEWVANTE,NA,NA,Y,35.95,23.90,Y,NA,https://www.noon.com/uae-en/nnewvante-silk-sleep-mask-2-pack-100-real-natural-pure-silk-eye-mask-with-adjustable-strap-eye-mask-for-sleeping-eye-sleep-shade-cover-blocks-light-reduces-puffy-eyes-gifts/Z549615CC1C4033D14D98Z/p/?o=z549615cc1c4033d14d98z-1
2024-12-29 18:03:57,Z43AAD20FFFC5E940AD7EZ,Longchamp Le Plia,Longchamp,NA,NA,N,165,165,Y,NA,https://www.noon.com/uae-en/longchamp-le-pliage-original-large-burgundy-tote-bag-for-women-l1899089p87/Z43AAD20FFFC5E940AD7EZ/p/?o=z43aad20fffc5e940ad7ez-1
2024-12-29 18:03:59,Z44BA0349A3D90D1C440EZ,"Gym Towel,Ice To",Generic Cooling,NA,NA,N,29,24.65,Y,NA,https://www.noon.com/uae-en/cooling-gym-towel-ice-towel-for-neck-and-face-chilly-towel-with-silicone-portable-storage-box-breathable-sweat-towel-for-yoga-running-gym-outdoor-sports-80cm-x-30cm-blue/Z44BA0349A3D90D1C440EZ/p/?o=z44ba0349a3d90d1c440ez-1
2024-12-29 18:04:02,Z7E1B8F9D4A3A38185E51Z,Bag with Bottom P,GROIC Yoga Mat,NA,NA,N,200,55.65,Y,NA,https://www.noon.com/uae-en/yoga-mat-bag-with-bottom-pocket-exercise-yoga-mat-carrier-multi-functional-storage-bag-yoga-gym-bag-yoga-mat-carrier-bag-for-class-workout-park/Z7E1B8F9D4A3A38185E51Z/p/?o=z7e1b8f9d4a3a38185e51z-1
2024-12-29 18:04:04,Z3C8FFE396E1C4B2EFA2DZ,Yoga Bed Yoga Stu,Generic Pilates,NA,NA,Y,"2,500","1,569",Y,NA,https://www.noon.com/uae-en/pilates-yoga-bed-yoga-studio-pilates-core-bed-pilates-training-bed-strength-adjustment-stainless-steel-yoga-training-bed/Z3C8FFE396E1C4B2EFA2DZ/p/?o=z3c8ffe396e1c4b2efa2dz-1
2024-12-29 18:04:07,Z3F95B162CE89D5F0E378Z,"Extra Wide 72""x 31","GROIC Yoga Mat,",NA,NA,N,250,119.65,Y,NA,https://www.noon.com/uae-en/yoga-mat-extra-wide-72-x-31-5-x-0-24-pilates-fitness-mats-with-alignment-marks-non-slip-fitness-yoga-mats-exercise-mats-for-yoga-pilates-home-floor-workout-with-carrying-sling-and-storage-bag/Z3F95B162CE89D5F0E378Z/p/?o=z3f95b162ce89d5f0e378z-1
2024-12-29 18:04:10,Z1E54BEB86583EFE979F7Z,Bag with Large Siz,GROIC Yoga Mat,NA,NA,N,200,76.35,Y,NA,https://www.noon.com/uae-en/yoga-mat-bag-with-large-size-pocket-multipurpose-and-beautiful-bag-yoga-mat-carrier-tote-holds-more-yoga-accessories/Z1E54BEB86583EFE979F7Z/p/?o=z1e54beb86583efe979f7z-1
2024-12-29 18:04:12,ZEDB8FEBB3E1E4D18D43CZ,Pear STARGAZE N,Prickly Pear Prickly,NA,NA,N,415,275,Y,NA,https://www.noon.com/uae-en/prickly-pear-stargaze-non-slip-suede-top-4mm-thick-yoga-mat-with-carry-strap-for-exercise-and-fitness/ZEDB8FEBB3E1E4D18D43CZ/p/?o=zedb8febb3e1e4d18d43cz-1
2024-12-29 18:04:15,Z603FF8FD1BFB572D8D9FZ,for Women and M,URbazaar Yoga Mat,NA,NA,Y,69.90,50.90,Y,NA,https://www.noon.com/uae-en/yoga-mat-for-women-and-men-extra-long-and-wide-exercise-mat-72-x24-large-non-slip-workout-mat-for-yoga-pilates-fitness-barefoot-workouts-home-gym-studio/Z603FF8FD1BFB572D8D9FZ/p/?o=z603ff8fd1bfb572d8d9fz-1
2024-12-29 18:04:17,Z3C8DAF40330507AC95A4Z,Tote Bag Large Siz,LACOSTE Lacoste,NA,NA,Y,299,152.75,Y,NA,https://www.noon.com/uae-en/lacoste-tote-bag-large-size-black-color/Z3C8DAF40330507AC95A4Z/p/?o=z3c8daf40330507ac95a4z-1
2024-12-29 18:04:19,Z4F92579021C1CA25613BZ,Align-Pilates Leg E,Align-Pilates,NA,NA,Y,250,230,N,NA,https://www.noon.com/uae-en/align-pilates-leg-extensions-for-r8-pro-pilates-reformer/Z4F92579021C1CA25613BZ/p/?o=z4f92579021c1ca25613bz-1
2024-12-29 18:04:20,ZF41379B12597CD8551E1Z,SUPERLITE TRAVE,Manduka EKO,NA,NA,N,260,260,N,NA,https://www.noon.com/uae-en/eko-superlite-travel-mat-blue-toad-marbled-71-inch/ZF41379B12597CD8551E1Z/p/?o=zf41379b12597cd8551e1z-1
2024-12-29 18:04:23,Z30868C98E61D2ABA2621Z,EVA Foam Roller f,MahMir Mahmir®,NA,NA,Y,29.95,29.95,Y,NA,https://www.noon.com/uae-en/mahmir-eva-foam-roller-for-yoga-deep-tissue-massage-stretching-physical-therapy-relieve-stress-improve-mobility-with-foam-roller-for-legs-and-muscles-deep-tissue-massage-tool-pink/Z30868C98E61D2ABA2621Z/p/?o=z30868c98e61d2aba2621z-1
2024-12-29 18:04:25,ZD0F9EADF94C847916735Z,"Ring, Magic Circle ",Generic Pilates,NA,NA,N,80,59.50,Y,NA,https://www.noon.com/uae-en/pilates-ring-magic-circle-pilates-ring-35-5cm-for-thigh-exercise-home-pilates-equipment-for-women-pilates-ring-gym-equipment-thigh-master/ZD0F9EADF94C847916735Z/p/?o=zd0f9eadf94c847916735z-1
2024-12-29 18:04:28,ZD201B6DEA9A818209F80Z,Bag with Water Bo,Generic Yoga Mat,NA,NA,N,99,52.95,Y,NA,https://www.noon.com/uae-en/yoga-mat-bag-with-water-bottle-pocket-and-bottom-wet-compartment-multifunctional-sports-yoga-mat-carrier-and-storage-bag/ZD201B6DEA9A818209F80Z/p/?o=zd201b6dea9a818209f80z-1
2024-12-29 18:04:32,ZB6E61CE23B29DAF85955Z,Yoga Cork Block –,MahMir MahMir®,NA,NA,N,69.95,59.95,N,NA,https://www.noon.com/uae-en/mahmir-yoga-cork-block-supportive-sustainable-cork-with-non-slip-surface-exercise-accessory-for-yoga-pilates-and-general-fitness-natural-cork-blocks-size-9-x6-x3-2pcs-pack/ZB6E61CE23B29DAF85955Z/p/?o=fae71ce02e9b7d0e
2024-12-29 18:04:33,Z7DD29A3780D77ACC9012Z,Pliage Original Lar,Longchamp Le,NA,NA,N,164.90,164.90,Y,NA,https://www.noon.com/uae-en/le-pliage-original-large-paper-white-women-s-handbag-l1899089p71/Z7DD29A3780D77ACC9012Z/p/?o=z7dd29a3780d77acc9012z-1
2024-12-29 18:04:37,ZF96F7F0E075EE8FF459FZ,SUPERLITE TRAVE,Manduka EKO,NA,NA,N,260,260,N,NA,https://www.noon.com/uae-en/eko-superlite-travel-mat-yes-please-71-inch/ZF96F7F0E075EE8FF459FZ/p/?o=zf96f7f0e075ee8ff459fz-1
2024-12-29 18:04:38,Z1C9A500C40A7E27BC923Z,Yoga Strap,Manduka Align,NA,NA,N,126,109,Y,NA,https://www.noon.com/uae-en/align-yoga-strap/Z1C9A500C40A7E27BC923Z/p/?o=z1c9a500c40a7e27bc923z-1
2024-12-29 18:04:40,ZE5D7520215AA49D4ED49Z,Resistance Loop B,TYCOM Tycom,NA,NA,N,49,28.60,Y,NA,https://www.noon.com/uae-en/tycom-resistance-loop-bands-resistance-exercise-bands-set-workout-bands-flex-bands-for-home-fitness-stretching-strength-training-physical-therapy-yoga/ZE5D7520215AA49D4ED49Z/p/?o=ze5d7520215aa49d4ed49z-1
2024-12-29 18:04:41,ZA63BF70F800CF9C3D86DZ,Longchamp Wome,Longchamp,NA,NA,Y,399.90,399.90,Y,NA,https://www.noon.com/uae-en/longchamp-women-s-mini-makeup-bag-handbag-shoulder-bag-steel-grey-classic/ZA63BF70F800CF9C3D86DZ/p/?o=za63bf70f800cf9c3d86dz-1
2024-12-29 18:04:44,Z4882AD10A617AAC52EADZ,Mat Bag,Gaiam Chakra Yoga,NA,NA,N,199,109,Y,NA,https://www.noon.com/uae-en/chakra-yoga-mat-bag/Z4882AD10A617AAC52EADZ/p/?o=z4882ad10a617aac52eadz-1
2024-12-29 18:04:46,ZA63BF70F800CF9C3D86DZ,Longchamp Wome,Longchamp,NA,NA,N,399.90,399.90,Y,NA,https://www.noon.com/uae-en/longchamp-women-s-mini-makeup-bag-handbag-shoulder-bag-steel-grey-classic/ZA63BF70F800CF9C3D86DZ/p/?o=za63bf70f800cf9c3d86dz-1
2024-12-29 18:04:47,ZD47F076F0E799BD13A58Z,"Cooling Towel, Qui",Generic 5 Packs,NA,NA,N,79.95,28.75,Y,NA,https://www.noon.com/uae-en/5-packs-cooling-towel-quick-dry-sports-towel-for-yoga-fitness-golf-tennis-camping-games-fitness-towel-30x80cm/ZD47F076F0E799BD13A58Z/p/?o=zd47f076f0e799bd13a58z-1
2024-12-29 18:04:50,Z77ADCFB0785D9F108D97Z,Pear Wander Print ,Prickly Pear Prickly,NA,NA,N,240,160,Y,NA,https://www.noon.com/uae-en/prickly-pear-wander-print-non-slip-suede-top-1mm-travel-yoga-mat-lightweight-and-portable/Z77ADCFB0785D9F108D97Z/p/?o=z77adcfb0785d9f108d97z-1
2024-12-29 18:04:53,Z549615CC1C4033D14D98Z,Nnewvante Silk Sl,NNEWVANTE,NA,NA,N,35.95,23.90,Y,NA,https://www.noon.com/uae-en/nnewvante-silk-sleep-mask-2-pack-100-real-natural-pure-silk-eye-mask-with-adjustable-strap-eye-mask-for-sleeping-eye-sleep-shade-cover-blocks-light-reduces-puffy-eyes-gifts/Z549615CC1C4033D14D98Z/p/?o=z549615cc1c4033d14d98z-1
2024-12-29 18:04:57,Z7B5DD06DBFCED14AFA8CZ,Yoga Mat Knees S,DBLEW 4mm Thick,NA,NA,N,50,26.80,Y,NA,https://www.noon.com/uae-en/4mm-thick-yoga-mat-knees-supportive-anti-slip-fitness-home-exercise-eco-friendly-ideal-for-all-types-of-pilates-floor-workouts-gym-stretching-61x173cm/Z7B5DD06DBFCED14AFA8CZ/p/?o=z7b5dd06dbfced14afa8cz-1
2024-12-29 18:04:59,Z24F43F8520548D2CD073Z,"Strap, Elastic Exer",Garlo Stretch Band,NA,NA,N,52,37,Y,NA,https://www.noon.com/uae-en/stretch-band-strap-elastic-exercise-stretching-band-with-9-loops-for-yoga-physical-therapy-dance-workout-fitness-stretch-assist-light-resistance-band-for-strength-flexibility-training/Z24F43F8520548D2CD073Z/p/?o=z24f43f8520548d2cd073z-1
2024-12-29 18:05:00,ZE3FFF1B6FFB81E419224Z,Fitness Exercise B,ZCM-HAPPY Yoga,NA,NA,Y,55,33,Y,NA,https://www.noon.com/uae-en/yoga-fitness-exercise-ball-with-air-pump-75cm/ZE3FFF1B6FFB81E419224Z/p/?o=ze3fff1b6ffb81e419224z-1
2024-12-29 18:05:04,ZFC4F2BC1E9DC7B33305BZ,Ankle Weights Set ,Qiccijoo Qiccijoo,NA,NA,Y,89,89,Y,NA,https://www.noon.com/uae-en/qiccijoo-ankle-weights-set-1-pair-4kg-8-8lb-workout-ankle-weights-for-women-or-men-wrist-leg-weights-for-fitness-running-walking-2-2kg-4-4lb-blue/ZFC4F2BC1E9DC7B33305BZ/p/?o=zfc4f2bc1e9dc7b33305bz-1
2024-12-29 18:05:05,Z24E1B5B4FDE8BB5C6111Z,Mat with Carrying ,Bernessi 8MM Yoga,NA,NA,Y,165,69.90,Y,NA,https://www.noon.com/uae-en/8mm-yoga-mat-with-carrying-strap-anti-slip-for-home-workout-exercises-meditation-eco-friendly-non-skid-tpe-yoga-mattres-for-pilates-183x61x0-8cm-thick-pink-black-color/Z24E1B5B4FDE8BB5C6111Z/p/?o=z24e1b5b4fde8bb5c6111z-1
2024-12-29 18:05:07,ZA7909705238C5C4A47C9Z,Mat for Home Wor,Vparty Thick Yoga,NA,NA,N,69.95,59.90,N,NA,https://www.noon.com/uae-en/thick-yoga-mat-for-home-workout-183x61x0-6cm-non-slip-exercise-fitness-yoga-mats-eco-friendly-tpe-exercise-mats-for-home-workout-with-strap-carrying-bag/ZA7909705238C5C4A47C9Z/p/?o=za7909705238c5c4a47c9z-1
2024-12-29 18:05:10,Z64D992D4011EDA48B6D1Z,YOGA MAT 71 ELD,Manduka PRO,NA,NA,N,630,630,N,NA,https://www.noon.com/uae-en/pro-yoga-mat-71-elderberry-71-inch/Z64D992D4011EDA48B6D1Z/p/?o=z64d992d4011eda48b6d1z-1
2024-12-29 18:05:12,Z1504A948D99AE199BD3CZ,Intelligent punch f,Other Manufacturer,NA,NA,N,210,168,Y,NA,https://www.noon.com/uae-en/intelligent-punch-force-tester-punch-explosive-force-tester-force-tester-vent-target-sandbag-wall-target-sandbag/Z1504A948D99AE199BD3CZ/p/?o=z1504a948d99ae199bd3cz-1
2024-12-29 18:05:14,Z027D99E609B451C92CE3Z,YOGA MAT,Gaiam 5MM JUTE,NA,NA,N,269,126,Y,NA,https://www.noon.com/uae-en/5mm-jute-yoga-mat/Z027D99E609B451C92CE3Z/p/?o=z027d99e609b451c92ce3z-1
2024-12-29 18:05:18,Z19C41AA80A4326F2D6CCZ,"Towel,2Pack Quic",Generic Cooling,NA,NA,N,47,39.95,Y,NA,https://www.noon.com/uae-en/cooling-towel-2pack-quick-dry-gym-towels-with-silicone-storage-case-carabiner-for-neck-face-30-80cm-superfiber-sweat-absorbent-towel-for-running-yoga-fitness-portable-sports-towel-for-camping/Z19C41AA80A4326F2D6CCZ/p/?o=z19c41aa80a4326f2d6ccz-1
2024-12-29 18:05:20,Z0B890FB207D88CE803BCZ,4MM,Reebok Yoga Mat -,NA,NA,N,100,59,Y,NA,https://www.noon.com/uae-en/yoga-mat-4mm/Z0B890FB207D88CE803BCZ/p/?o=z0b890fb207d88ce803bcz-1
2024-12-29 18:05:24,Z68802DAE7D5FCFB63AB8Z,mat floor high qual,joyzzz Yoga fitness,NA,NA,N,120,109.35,Y,NA,https://www.noon.com/uae-en/yoga-fitness-mat-floor-high-quality-environmentally-friendly-tpe-waterproof-gym-home-mat-sports-mat-for-sports/Z68802DAE7D5FCFB63AB8Z/p/?o=z68802dae7d5fcfb63ab8z-1
2024-12-29 18:05:25,Z2ABB715602A9DC1832D9Z,for Women and M,BOLDFIT Yoga mat,NA,NA,N,76,76,Y,NA,https://www.noon.com/uae-en/yoga-mat-for-women-and-men-with-cover-bag-eva-material-6mm-extra-thick-exercise-mat-for-workout-yoga-fitness-pilates-and-meditation-anti-tear-anti-slip-for-home-gym-use-blue-large/Z2ABB715602A9DC1832D9Z/p/?o=z2abb715602a9dc1832d9z-1
2024-12-29 18:05:28,Z880BC1691FBB2A8BFF1FZ,Yoga Mat Anti-Slip ,MahMir MahMir,NA,NA,N,69.95,44.95,Y,NA,https://www.noon.com/uae-en/mahmir-yoga-mat-anti-slip-exercise-mat-with-carrying-bag-fitness-mat-for-pilates-183cm-61cm-6mm-thickness-for-woman-man-beginners-dark-green-light-green/Z880BC1691FBB2A8BFF1FZ/p/?o=z880bc1691fbb2a8bff1fz-1
2024-12-29 18:05:28,Z538D19FE4FEBB09B4BC8Z,"Tote Bag, Yoga Ca",GROIC Yoga Mat,NA,NA,N,200,62.35,Y,NA,https://www.noon.com/uae-en/yoga-mat-tote-bag-yoga-canvas-workout-bag-with-yoga-mat-carrier-binding-rope-canvas-yoga-bag-gym-bag-with-yoga-mat-holder/Z538D19FE4FEBB09B4BC8Z/p/?o=z538d19fe4febb09b4bc8z-1
2024-12-29 18:05:30,N38378290A,Folding Travel Fitn,Generic Non Slip,NA,NA,N,135,135,N,NA,https://www.noon.com/uae-en/non-slip-folding-travel-fitness-floor-workout-yoga-mat/N38378290A/p/?o=cf4ad5df63d7d99a
2024-12-29 18:05:31,ZCABA0D20B8B2B76D13B2Z,Pear Ink Non-Slip ,Prickly Pear Prickly,NA,NA,N,240,160,Y,NA,https://www.noon.com/uae-en/prickly-pear-ink-non-slip-suede-top-1mm-travel-yoga-mat-compact-fitness-accessory/ZCABA0D20B8B2B76D13B2Z/p/?o=zcaba0d20b8b2b76d13b2z-1
2024-12-29 18:05:32,Z23067B03F54054219A1CZ,Beginners Kit Lily ,Gaiam Yoga,NA,NA,N,289,158,Y,NA,https://www.noon.com/uae-en/yoga-beginners-kit-lily-shadow/Z23067B03F54054219A1CZ/p/?o=z23067b03f54054219a1cz-1
2024-12-29 18:05:33,Z9CCA1A3DE609EB67B3B1Z,Extra-Wide TPE Yo,MissTiara 80cm,NA,NA,N,75,74.90,Y,NA,https://www.noon.com/uae-en/80cm-extra-wide-tpe-yoga-mat-with-double-sided-anti-slip-design-and-portable-storage-bag-suitable-for-yoga-pilates-exercise-and-fitness-183cm-x-80cm-x-0-8cm/Z9CCA1A3DE609EB67B3B1Z/p/?o=z9cca1a3de609eb67b3b1z-1
2024-12-29 18:05:34,ZB3370DD21C84F419DF5FZ,Pear Breathe Dee,Prickly Pear Prickly,NA,NA,N,240,160,Y,NA,https://www.noon.com/uae-en/prickly-pear-breathe-deep-non-slip-suede-top-1mm-travel-yoga-mat-lightweight-yoga-mat/ZB3370DD21C84F419DF5FZ/p/?o=zb3370dd21c84f419df5fz-1
2024-12-29 18:05:36,ZA9BFB7369713E4E6A4A8Z,Ring Set Yoga Fitn,GROIC 5 Pcs Pilates,NA,NA,N,400,80.45,N,NA,https://www.noon.com/uae-en/5-pcs-pilates-ring-set-yoga-fitness-magic-circle-pilates-equipment-for-home-workouts-fitness-kit-includes-burst-resistant-pilates-mini-ball-highly-elastic-resistance-bands/ZA9BFB7369713E4E6A4A8Z/p/?o=a3cf917d4499993f
2024-12-29 18:05:38,Z1E598CB5A35BDDF0E9C4Z,"Blocks, 2 Pack, 22.",Generic Cork Yoga,NA,NA,N,66.75,65.80,Y,NA,https://www.noon.com/uae-en/cork-yoga-blocks-2-pack-22-8x15-2x7-6cm-high-density-solid-natural-cork-yoga-brick-with-comfortable-edge-to-improve-balance-strength-and-flexibility/Z1E598CB5A35BDDF0E9C4Z/p/?o=z1e598cb5a35bddf0e9c4z-1
2024-12-29 18:05:39,Z15D61B8E79FCD0BC2FDCZ,"Cork Block, High ",Teuuea 2 PCS Yoga,NA,NA,N,99.95,55.95,Y,NA,https://www.noon.com/uae-en/2-pcs-yoga-cork-block-high-density-non-slip-natural-cork-yoga-brick-eco-friendly-supportive-exercise-accessory-stability-balance-for-yoga-pilates-stretching-toning-workouts-22-5-14-7-7-5cm/Z15D61B8E79FCD0BC2FDCZ/p/?o=z15d61b8e79fcd0bc2fdcz-1
2024-12-29 18:05:40,ZF2C108B620504F855241Z,and Strap Set,Arabest Yoga Block,NA,NA,N,29.80,29.80,Y,NA,https://www.noon.com/uae-en/yoga-block-and-strap-set/ZF2C108B620504F855241Z/p/?o=zf2c108b620504f855241z-1
2024-12-29 18:05:42,ZCBE37221BDED873009B5Z,Pear Beige Rollabl,Prickly Pear Prickly,NA,NA,N,415,275,Y,NA,https://www.noon.com/uae-en/prickly-pear-beige-rollable-4mm-non-slip-yoga-mat-with-carry-strap-stretching-tool-premium-exercise-mat/ZCBE37221BDED873009B5Z/p/?o=zcbe37221bded873009b5z-1
2024-12-29 18:05:43,Z9D9F31BA336AF3127579Z,Yoga Wheel Yoga ,MahMir MahMir®,NA,NA,N,49.95,36.95,N,NA,https://www.noon.com/uae-en/mahmir-yoga-wheel-yoga-circles-pilates-professional-waist-shape-gym-workout-yoga-wheel-back-training-tool-f-or-fitness-perfect-for-stretching-and-improving-backbends/Z9D9F31BA336AF3127579Z/p/?o=z9d9f31ba336af3127579z-1
2024-12-29 18:05:45,ZB20455FFC8C4AAB72E0EZ,"Kits,Yoga Circle An",RIOXS Yoga Pilates,NA,NA,N,90,59,Y,NA,https://www.noon.com/uae-en/yoga-pilates-kits-yoga-circle-and-yoga-blocks-sets-32cm-yoga-wheel-with-2-pcs-yoga-foam-blocks-for-waist-back-training-durable-professional-pilates-exercise-tools/ZB20455FFC8C4AAB72E0EZ/p/?o=zb20455ffc8c4aab72e0ez-1
2024-12-29 18:05:51,Z798FC1A11A054EC807C5Z,Longchamp Wome,Longchamp,NA,NA,Y,399.90,179.90,Y,NA,https://www.noon.com/uae-en/longchamp-women-s-mini-makeup-bag-handbag-shoulder-bag-black-classic-strapless/Z798FC1A11A054EC807C5Z/p/?o=z798fc1a11a054ec807c5z-1
2024-12-29 18:05:52,Z418087CAC07977787D7BZ,Splicing Yoga Bloc,Folanry EVA Cork,NA,NA,Y,56.80,46.20,Y,NA,https://www.noon.com/uae-en/eva-cork-splicing-yoga-block-2-pack-22-8x15-2x7-6cm-high-density-double-sided-anti-slip-wear-resistant-yoga-brick-with-comfortable-edge-to-improve-balance-strength-and-flexibility/Z418087CAC07977787D7BZ/p/?o=z418087cac07977787d7bz-1
2024-12-29 18:05:53,ZE5D7520215AA49D4ED49Z,Resistance Loop B,TYCOM Tycom,NA,NA,Y,49,28.60,Y,NA,https://www.noon.com/uae-en/tycom-resistance-loop-bands-resistance-exercise-bands-set-workout-bands-flex-bands-for-home-fitness-stretching-strength-training-physical-therapy-yoga/ZE5D7520215AA49D4ED49Z/p/?o=ze5d7520215aa49d4ed49z-1
2024-12-29 18:05:54,Z9F9959795903122BD6DEZ,Mat,PUMA Yoga Training,NA,NA,N,249,139,Y,NA,https://www.noon.com/uae-en/yoga-training-mat/Z9F9959795903122BD6DEZ/p/?o=z9f9959795903122bd6dez-1
2024-12-29 18:05:55,Z5364B7401B46DD83668DZ,Pear Daydream N,Prickly Pear Prickly,NA,NA,N,240,160,Y,NA,https://www.noon.com/uae-en/prickly-pear-daydream-non-slip-suede-top-1mm-travel-yoga-mat-portable-yoga-mat-for-travel/Z5364B7401B46DD83668DZ/p/?o=z5364b7401b46dd83668dz-1
2024-12-29 18:05:57,ZA20A29558D85EF0EDB9EZ,Longchamp wome,Longchamp,NA,NA,Y,399.90,156.85,Y,NA,https://www.noon.com/uae-en/longchamp-women-s-large-tote-bag-handbag-shoulder-bag-navy-blue-classic-style-topic/ZA20A29558D85EF0EDB9EZ/p/?o=za20a29558d85ef0edb9ez-1
2024-12-29 18:05:57,Z1FFBA90CF03B4E1CDF5CZ,EVA Foam Roller f,MahMir Mahmir®,NA,NA,Y,29.95,29.95,Y,NA,https://www.noon.com/uae-en/mahmir-eva-foam-roller-for-yoga-deep-tissue-massage-stretching-physical-therapy-relieve-stress-improve-mobility-with-foam-roller-for-legs-and-muscles-deep-tissue-massage-tool-light-blue/Z1FFBA90CF03B4E1CDF5CZ/p/?o=z1ffba90cf03b4e1cdf5cz-1
2024-12-29 18:05:58,ZE94894E319EC24478F43Z,Longchamp wome,Longchamp,NA,NA,Y,399.90,156.85,Y,NA,https://www.noon.com/uae-en/longchamp-women-s-large-tote-bag-handbag-shoulder-bag-black-classic-style/ZE94894E319EC24478F43Z/p/?o=ze94894e319ec24478f43z-1
2024-12-29 18:05:59,ZCBE37221BDED873009B5Z,Pear Beige Rollabl,Prickly Pear Prickly,NA,NA,N,415,275,Y,NA,https://www.noon.com/uae-en/prickly-pear-beige-rollable-4mm-non-slip-yoga-mat-with-carry-strap-stretching-tool-premium-exercise-mat/ZCBE37221BDED873009B5Z/p/?o=zcbe37221bded873009b5z-1
2024-12-29 18:05:59,Z537AAA58F5ED089134C9Z,"Abs Workout, Pilat",GROIC Ab Roller for,NA,NA,N,200,110.95,N,NA,https://www.noon.com/uae-en/ab-roller-for-abs-workout-pilates-bar-kit-with-resistance-band-set-exercise-bar-with-ab-roller-yoga-stretching-equipment-core-strength-training-equipment-portable-home-gym-for-men-and-women/Z537AAA58F5ED089134C9Z/p/?o=baf9e48161d15c0d
2024-12-29 18:06:00,Z53EDF0500E5797D7DB9AZ,Commuter Travel ,Manduka The,NA,NA,N,103.55,103.55,Y,NA,https://www.noon.com/uae-en/the-commuter-travel-pouch-standard/Z53EDF0500E5797D7DB9AZ/p/?o=z53edf0500e5797d7db9az-1
2024-12-29 18:06:00,Z798FC1A11A054EC807C5Z,Longchamp Wome,Longchamp,NA,NA,N,399.90,179.90,Y,NA,https://www.noon.com/uae-en/longchamp-women-s-mini-makeup-bag-handbag-shoulder-bag-black-classic-strapless/Z798FC1A11A054EC807C5Z/p/?o=z798fc1a11a054ec807c5z-1
2024-12-29 18:06:01,Z3CC2F8DF718A0CCE6A30Z,"Sport Towel, Cold ",Generic Cooling,NA,NA,N,29,29,Y,NA,https://www.noon.com/uae-en/cooling-sport-towel-cold-technology-fabric-towel-cold-breathable-towel-chilly-rags-for-neck-sweat-towels-for-gym-yoga-golf-tennis-workout-towel-100-30cm/Z3CC2F8DF718A0CCE6A30Z/p/?o=z3cc2f8df718a0cce6a30z-1
2024-12-29 18:06:01,ZD7445E31DDB7FA7F9DA9Z,"Slip Socks, Wome",Fazza 3 Pairs Non,NA,NA,Y,75,48.40,Y,NA,https://www.noon.com/uae-en/3-pairs-non-slip-socks-women-fashion-all-season-socks-sports-casual-simple-striped-colors-for-pilates-yoga-barre-ballet-dance-fitness-football-mid-tube-socks-free-size/ZD7445E31DDB7FA7F9DA9Z/p/?o=zd7445e31ddb7fa7f9da9z-1
2024-12-29 18:06:03,Z549615CC1C4033D14D98Z,Nnewvante Silk Sl,NNEWVANTE,NA,NA,Y,35.95,23.90,Y,NA,https://www.noon.com/uae-en/nnewvante-silk-sleep-mask-2-pack-100-real-natural-pure-silk-eye-mask-with-adjustable-strap-eye-mask-for-sleeping-eye-sleep-shade-cover-blocks-light-reduces-puffy-eyes-gifts/Z549615CC1C4033D14D98Z/p/?o=z549615cc1c4033d14d98z-1
2024-12-29 18:06:04,ZE0945F73B44BF98DDBAEZ,Pear Find Balance ,Prickly Pear Prickly,NA,NA,N,415,275,Y,NA,https://www.noon.com/uae-en/prickly-pear-find-balance-non-slip-suede-top-4mm-yoga-mat-with-carry-strap-premium-exercise-mat/ZE0945F73B44BF98DDBAEZ/p/?o=ze0945f73b44bf98ddbaez-1
2024-12-29 18:06:05,N27330175A,Anti-Slip Yoga Mat ,Fitness World,NA,NA,N,37.80,37.80,Y,NA,https://www.noon.com/uae-en/anti-slip-yoga-mat-with-carry-strap/N27330175A/p/?o=f2f2a89d50d79c1a
2024-12-29 18:06:06,ZE9BC56837C893BAD2931Z,Thick Yoga Mat 8,RIGID FITNESS,NA,NA,N,130.25,95.75,N,NA,https://www.noon.com/uae-en/thick-yoga-mat-8mm-knees-supportive-exercise-mat-for-yoga-pilates-fitness-exercises-and-home-exercise-fitness-mat-non-slip-yoga-gym-mat-with-carrying-bag-183-66cm-gold-black/ZE9BC56837C893BAD2931Z/p/?o=dadfe5916fa2b71e
2024-12-29 18:06:06,Z3C8FFE396E1C4B2EFA2DZ,Yoga Bed Yoga Stu,Generic Pilates,NA,NA,Y,"2,500","1,569",Y,NA,https://www.noon.com/uae-en/pilates-yoga-bed-yoga-studio-pilates-core-bed-pilates-training-bed-strength-adjustment-stainless-steel-yoga-training-bed/Z3C8FFE396E1C4B2EFA2DZ/p/?o=z3c8ffe396e1c4b2efa2dz-1
2024-12-29 18:06:08,ZE5C64310A150DE5C788FZ,SUPERLITE TRAVE,Manduka EKO,NA,NA,N,260,260,N,NA,https://www.noon.com/uae-en/eko-superlite-travel-mat-sprout-gl-71-inch/ZE5C64310A150DE5C788FZ/p/?o=ze5c64310a150de5c788fz-1
2024-12-29 18:06:08,Z2B7C5314964850AA3020Z,"Extra Wide 72.8""x ","GROIC Yoga Mat,",NA,NA,N,250,116.95,Y,NA,https://www.noon.com/uae-en/yoga-mat-extra-wide-72-8-x-31-5-x-0-24-pilates-fitness-mats-with-alignment-marks-non-slip-fitness-yoga-mats-exercise-mats-for-yoga-pilates-home-floor-workout-with-carrying-sling-and-storage-bag/Z2B7C5314964850AA3020Z/p/?o=z2b7c5314964850aa3020z-1
2024-12-29 18:06:11,Z680898E008CB4392FEBCZ,Mat 4mm,Gaiam Tie Dye Yoga,NA,NA,N,165,79,Y,NA,https://www.noon.com/uae-en/tie-dye-yoga-mat-4mm/Z680898E008CB4392FEBCZ/p/?o=z680898e008cb4392febcz-1
2024-12-29 18:06:12,Z603FF8FD1BFB572D8D9FZ,for Women and M,URbazaar Yoga Mat,NA,NA,Y,69.90,50.90,Y,NA,https://www.noon.com/uae-en/yoga-mat-for-women-and-men-extra-long-and-wide-exercise-mat-72-x24-large-non-slip-workout-mat-for-yoga-pilates-fitness-barefoot-workouts-home-gym-studio/Z603FF8FD1BFB572D8D9FZ/p/?o=z603ff8fd1bfb572d8d9fz-1
2024-12-29 18:06:13,Z3C8DAF40330507AC95A4Z,Tote Bag Large Siz,LACOSTE Lacoste,NA,NA,Y,299,152.75,Y,NA,https://www.noon.com/uae-en/lacoste-tote-bag-large-size-black-color/Z3C8DAF40330507AC95A4Z/p/?o=z3c8daf40330507ac95a4z-1
2024-12-29 18:06:15,Z4F92579021C1CA25613BZ,Align-Pilates Leg E,Align-Pilates,NA,NA,Y,250,230,N,NA,https://www.noon.com/uae-en/align-pilates-leg-extensions-for-r8-pro-pilates-reformer/Z4F92579021C1CA25613BZ/p/?o=z4f92579021c1ca25613bz-1
2024-12-29 18:06:16,ZEA24FB40EFA91537125FZ,10Mm - Solar Red,Adidas Fitness Mat -,NA,NA,N,195,132,Y,NA,https://www.noon.com/uae-en/fitness-mat-10mm-solar-red/ZEA24FB40EFA91537125FZ/p/?o=zea24fb40efa91537125fz-1
2024-12-29 18:06:18,Z30868C98E61D2ABA2621Z,EVA Foam Roller f,MahMir Mahmir®,NA,NA,Y,29.95,29.95,Y,NA,https://www.noon.com/uae-en/mahmir-eva-foam-roller-for-yoga-deep-tissue-massage-stretching-physical-therapy-relieve-stress-improve-mobility-with-foam-roller-for-legs-and-muscles-deep-tissue-massage-tool-pink/Z30868C98E61D2ABA2621Z/p/?o=z30868c98e61d2aba2621z-1
2024-12-29 18:06:18,ZF2CCD6E7A482BEF7786BZ,Pilates Trimmer Xt,AXOX Axox Fitness,NA,NA,N,65,49,N,NA,https://www.noon.com/uae-en/axox-fitness-pilates-trimmer-xtra/ZF2CCD6E7A482BEF7786BZ/p/?o=zf2ccd6e7a482bef7786bz-1
2024-12-29 18:06:19,N20034893A,Exercise Mat With ,Generic Anti-Tear,NA,NA,N,34,34,N,NA,https://www.noon.com/uae-en/anti-tear-exercise-mat-with-carrying-strap/N20034893A/p/?o=c06c6668cbbcc5fc
2024-12-29 18:06:21,Z88CD791B59DAD8341238Z,Exercise Equipme,GROIC Pilates Ring,NA,NA,N,200,70.95,N,NA,https://www.noon.com/uae-en/pilates-ring-exercise-equipment-for-inner-outer-thigh-abs-legs-muscle-strength-includes-resistance-bands-for-butt-squat-workout-body-balance-stability-a-yoga-ring-for-men-and-women-fitness/Z88CD791B59DAD8341238Z/p/?o=fb50f4e1a4e45a6c
2024-12-29 18:06:21,ZED5153C7C5C6EB389D42Z,Sided Yoga Mat - 6,Reebok Double,NA,NA,N,131,78,Y,NA,https://www.noon.com/uae-en/double-sided-yoga-mat-6mm/ZED5153C7C5C6EB389D42Z/p/?o=zed5153c7c5c6eb389d42z-1
2024-12-29 18:06:23,Z2B6178E8DCE999B3A6F7Z,"Yoga Mat Non Slip,",BRIGHTLY LABS,NA,NA,N,445,297,Y,NA,https://www.noon.com/uae-en/yoga-mat-non-slip-eco-friendly-pro-exercise-mat-5mm-extra-wide-and-extra-long-ideal-for-all-types-of-yoga-pilates-floor-workouts-best-gift-choice/Z2B6178E8DCE999B3A6F7Z/p/?o=z2b6178e8dce999b3a6f7z-1
2024-12-29 18:06:25,Z8A50111EF09B207B325CZ,Resistance Band P,Generic 25-65 Lbs,NA,NA,N,41.70,38.90,Y,NA,https://www.noon.com/uae-en/25-65-lbs-resistance-band-pull-up-assist-band-heavy-duty-powerlifting-exercise-stretch-bands-for-powerlifting-muscle-toning-yoga-stretch-mobility-black/Z8A50111EF09B207B325CZ/p/?o=z8a50111ef09b207b325cz-1
2024-12-29 18:06:26,ZCDA383E07D4E41E20E4DZ,Rollable 4mm Non,Prickly Pear Ink,NA,NA,N,330,275,Y,NA,https://www.noon.com/uae-en/ink-rollable-4mm-non-slip-yoga-mat-with-carry-strap-stretching-tool/ZCDA383E07D4E41E20E4DZ/p/?o=zcda383e07d4e41e20e4dz-1
2024-12-29 18:06:26,ZA63BF70F800CF9C3D86DZ,Longchamp Wome,Longchamp,NA,NA,Y,399.90,399.90,Y,NA,https://www.noon.com/uae-en/longchamp-women-s-mini-makeup-bag-handbag-shoulder-bag-steel-grey-classic/ZA63BF70F800CF9C3D86DZ/p/?o=za63bf70f800cf9c3d86dz-1
2024-12-29 18:06:28,Z289B3A2E126D59A5F635Z,BEGINNERS KIT P,Gaiam YOGA,NA,NA,N,159,135,Y,NA,https://www.noon.com/uae-en/yoga-beginners-kit-purple/Z289B3A2E126D59A5F635Z/p/?o=z289b3a2e126d59a5f635z-1
2024-12-29 18:06:28,ZD9009A36D21843256005Z,7Mm - Green,Adidas Fitness Mat -,NA,NA,N,155,81,Y,NA,https://www.noon.com/uae-en/fitness-mat-7mm-green/ZD9009A36D21843256005Z/p/?o=zd9009a36d21843256005z-1
2024-12-29 18:06:29,Z1FFBA90CF03B4E1CDF5CZ,EVA Foam Roller f,MahMir Mahmir®,NA,NA,N,29.95,29.95,N,NA,https://www.noon.com/uae-en/mahmir-eva-foam-roller-for-yoga-deep-tissue-massage-stretching-physical-therapy-relieve-stress-improve-mobility-with-foam-roller-for-legs-and-muscles-deep-tissue-massage-tool-light-blue/Z1FFBA90CF03B4E1CDF5CZ/p/?o=f1e97d654c981d3c
2024-12-29 18:06:31,Z6B12C655425DBD6DA0D2Z,Puzzle Exercise Fl,GROIC 16 Pack,NA,NA,N,200,96.60,Y,NA,https://www.noon.com/uae-en/16-pack-puzzle-exercise-floor-mat-eva-foam-mats-with-interlocking-floor-tiles-12-x-12-foam-gym-mat-protective-flooring-mats-interlocking-for-home-and-gym-equipment-black/Z6B12C655425DBD6DA0D2Z/p/?o=z6b12c655425dbd6da0d2z-1
2024-12-29 18:06:32,ZD662F27EA6FC5953FC16Z,Yoga Mat 4mm,Gaiam Marrakesh,NA,NA,N,165,91,Y,NA,https://www.noon.com/uae-en/marrakesh-yoga-mat-4mm/ZD662F27EA6FC5953FC16Z/p/?o=zd662f27ea6fc5953fc16z-1
2024-12-29 18:06:33,N31126816A,With Strap,Generic Yoga Block,NA,NA,N,69.50,65.70,N,NA,https://www.noon.com/uae-en/yoga-block-with-strap/N31126816A/p/?o=a2041e210ce760ba
2024-12-29 18:06:34,ZAE8C2CF4AD119E9007A2Z,Pilates Yoga Wedg,Generic COOLBABY,NA,NA,N,299,269.10,Y,NA,https://www.noon.com/uae-en/coolbaby-pilates-yoga-wedge-massage-correction-yoga-foam-kyphosis-correction-detachable-large-spine-yoga-equipment/ZAE8C2CF4AD119E9007A2Z/p/?o=zae8c2cf4ad119e9007a2z-1
2024-12-29 18:06:35,ZE3FFF1B6FFB81E419224Z,Fitness Exercise B,ZCM-HAPPY Yoga,NA,NA,Y,55,33,Y,NA,https://www.noon.com/uae-en/yoga-fitness-exercise-ball-with-air-pump-75cm/ZE3FFF1B6FFB81E419224Z/p/?o=ze3fff1b6ffb81e419224z-1
2024-12-29 18:06:36,ZFC4F2BC1E9DC7B33305BZ,Ankle Weights Set ,Qiccijoo Qiccijoo,NA,NA,Y,89,89,Y,NA,https://www.noon.com/uae-en/qiccijoo-ankle-weights-set-1-pair-4kg-8-8lb-workout-ankle-weights-for-women-or-men-wrist-leg-weights-for-fitness-running-walking-2-2kg-4-4lb-blue/ZFC4F2BC1E9DC7B33305BZ/p/?o=zfc4f2bc1e9dc7b33305bz-1
2024-12-29 18:06:38,Z24E1B5B4FDE8BB5C6111Z,Mat with Carrying ,Bernessi 8MM Yoga,NA,NA,Y,165,69.90,Y,NA,https://www.noon.com/uae-en/8mm-yoga-mat-with-carrying-strap-anti-slip-for-home-workout-exercises-meditation-eco-friendly-non-skid-tpe-yoga-mattres-for-pilates-183x61x0-8cm-thick-pink-black-color/Z24E1B5B4FDE8BB5C6111Z/p/?o=z24e1b5b4fde8bb5c6111z-1
2024-12-29 18:06:39,Z32D13B61AE4FACD618EAZ,4Mm - Black,Reebok Yoga Mat -,NA,NA,N,95,64,Y,NA,https://www.noon.com/uae-en/yoga-mat-4mm-black/Z32D13B61AE4FACD618EAZ/p/?o=z32d13b61ae4facd618eaz-1
2024-12-29 18:06:41,N20034892A,Exercise Mat With ,Generic Anti-Tear,NA,NA,N,34.35,34.35,Y,NA,https://www.noon.com/uae-en/anti-tear-exercise-mat-with-carrying-strap-60x10cm-60x10cm/N20034892A/p/?o=fc5fc96b5ab2231d
2024-12-29 18:06:41,ZD7445E31DDB7FA7F9DA9Z,"Slip Socks, Wome",Fazza 3 Pairs Non,NA,NA,N,75,48.40,Y,NA,https://www.noon.com/uae-en/3-pairs-non-slip-socks-women-fashion-all-season-socks-sports-casual-simple-striped-colors-for-pilates-yoga-barre-ballet-dance-fitness-football-mid-tube-socks-free-size/ZD7445E31DDB7FA7F9DA9Z/p/?o=zd7445e31ddb7fa7f9da9z-1
2024-12-29 18:06:44,Z523954445F5E9BAB1256Z,1:43 Ferrari F1 car ,Generic 2023 biliao,NA,NA,N,113.50,113.50,N,NA,https://www.noon.com/uae-en/2023-biliao-1-43-ferrari-f1-car-model-f23-metal-racing-toy-simulation-alloy-model-car-wholesale/Z523954445F5E9BAB1256Z/p/?o=z523954445f5e9bab1256z-1
2024-12-29 18:06:46,ZF916E14FCA9CB4379EF7Z,4Mm - Desert Dust,Reebok Yoga Mat -,NA,NA,N,95,64,Y,NA,https://www.noon.com/uae-en/yoga-mat-4mm-desert-dust/ZF916E14FCA9CB4379EF7Z/p/?o=zf916e14fca9cb4379ef7z-1
2024-12-29 18:06:48,Z4EAB1F3B4BA3811C89EBZ,Puzzle Exercise Fl,GROIC 12 Pack,NA,NA,N,200,62.85,Y,NA,https://www.noon.com/uae-en/12-pack-puzzle-exercise-floor-mat-eva-foam-mats-with-interlocking-floor-tiles-12-x-12-foam-gym-mat-protective-flooring-mats-interlocking-for-home-and-gym-equipment-navy-blue/Z4EAB1F3B4BA3811C89EBZ/p/?o=z4eab1f3b4ba3811c89ebz-1
2024-12-29 18:06:48,Z9BE175DFC702F5DF035AZ,5Mm - Red,Reebok Yoga Mat -,NA,NA,N,255,173,Y,NA,https://www.noon.com/uae-en/yoga-mat-5mm-red/Z9BE175DFC702F5DF035AZ/p/?o=z9be175dfc702f5df035az-1
2024-12-29 18:06:49,ZE3AE3C2A87B662CA54F9Z,Premium Tribal Wi,Gaiam 6Mm,NA,NA,N,180,50,Y,NA,https://www.noon.com/uae-en/6mm-premium-tribal-wisdom-yoga-mat/ZE3AE3C2A87B662CA54F9Z/p/?o=ze3ae3c2a87b662ca54f9z-1
2024-12-29 18:06:52,Z060DBE75E874D20C0454Z,Complete Yoga Kit,Go Fitness GoFit,NA,NA,N,164.65,122,Y,NA,https://www.noon.com/uae-en/gofit-complete-yoga-kit-with-yoga-mat-foam-block-strap-yoga-pose-wall-chart-and-carrying-bag/Z060DBE75E874D20C0454Z/p/?o=z060dbe75e874d20c0454z-1
2024-12-29 18:06:53,Z2957E07FF69E6F915427Z,Resistance Bands ,Generic Yoga,NA,NA,N,45,28.80,Y,NA,https://www.noon.com/uae-en/yoga-resistance-bands-for-woman-fitness-resistance-bands-elastic-bands-for-sports-and-training-home-gym-5-pcs/Z2957E07FF69E6F915427Z/p/?o=z2957e07ff69e6f915427z-1
2024-12-29 18:06:54,Z295BA925E0F2CDA5975BZ,"Mat with Comfort, ",Huitich NBR Yoga,NA,NA,N,150,31,Y,NA,https://www.noon.com/uae-en/nbr-yoga-mat-with-comfort-durability-and-style-assorted-colors-183x61x1cm/Z295BA925E0F2CDA5975BZ/p/?o=z295ba925e0f2cda5975bz-1
2024-12-29 18:06:55,ZB78840EF57490BD48D7BZ,Massager Roller F,Generic Round,NA,NA,N,140,140,Y,NA,https://www.noon.com/uae-en/round-massager-roller-for-waist-abdominal-muscles-ring-leg-clip-stovepipe-to-clear-the-meridian-portable-cellulite-massage/ZB78840EF57490BD48D7BZ/p/?o=zb78840ef57490bd48d7bz-1
2024-12-29 18:06:56,Z5B95A4E25D4F219BBF89Z,7Mm - Solar Red,Adidas Fitness Mat -,NA,NA,N,155,105,Y,NA,https://www.noon.com/uae-en/fitness-mat-7mm-solar-red/Z5B95A4E25D4F219BBF89Z/p/?o=z5b95a4e25d4f219bbf89z-1
2024-12-29 18:06:58,Z238CCE1034641B8004B5Z,4Mm - Night Forest,Reebok Yoga Mat -,NA,NA,N,95,64,Y,NA,https://www.noon.com/uae-en/yoga-mat-4mm-night-forest/Z238CCE1034641B8004B5Z/p/?o=z238cce1034641b8004b5z-1
2024-12-29 18:06:59,Z42C275429A69133B7524Z,"Strap, Waist Back ",Anmi Yoga Stretch,NA,NA,N,95,33,Y,NA,https://www.noon.com/uae-en/yoga-stretch-strap-waist-back-leg-stretching-strap-be-suitable-for-fitness-yoga-gymnastics-purple/Z42C275429A69133B7524Z/p/?o=z42c275429a69133b7524z-1
2024-12-29 18:07:00,Z7E9451BC8DAFD1D2386DZ,Pear Non-Slip Sue,Prickly Pear Prickly,NA,NA,N,240,160,Y,NA,https://www.noon.com/uae-en/prickly-pear-non-slip-suede-top-1mm-travel-yoga-mat-ideal-for-travel-workouts/Z7E9451BC8DAFD1D2386DZ/p/?o=z7e9451bc8dafd1d2386dz-1
2024-12-29 18:07:01,ZDAEB34EEE2F38AD13E80Z,Foldable Yoga Tra,Ayeeb Portable,NA,NA,N,399,97,Y,NA,https://www.noon.com/uae-en/portable-foldable-yoga-travel-mat-1mm-100-natural-portugal-cork-surface-eco-friendly-antimicrobial-non-slip-rubber-reverse-versatile-use-for-gym-pilates-fitness-workout-meditation-beach-swimming-pool-carpet-floor-best-gift-to-friends-and-families-ful/ZDAEB34EEE2F38AD13E80Z/p/?o=zdaeb34eee2f38ad13e80z-1
2024-12-29 18:07:03,N20034885A,Fitness Circle Ring,Generic Pilates,NA,NA,N,219,176.25,N,NA,https://www.noon.com/uae-en/pilates-fitness-circle-ring-38-x-38cm/N20034885A/p/?o=c8360f50e9d2d89e
2024-12-29 18:07:05,ZF7292F74D36A11C5FC17Z,Women's Low-Cut ,Generic 6 Pairs,NA,NA,N,51.65,51.55,Y,NA,https://www.noon.com/uae-en/6-pairs-women-s-low-cut-five-finger-toe-socks-with-gel-tab-comfortable-athletic-liner-for-active-lifestyle/ZF7292F74D36A11C5FC17Z/p/?o=zf7292f74d36a11c5fc17z-1
2024-12-29 18:07:06,Z40120C932C5F56D27AA1Z,Mat - 10Mm - Blue,Reebok Training,NA,NA,N,135,91,Y,NA,https://www.noon.com/uae-en/training-mat-10mm-blue/Z40120C932C5F56D27AA1Z/p/?o=z40120c932c5f56d27aa1z-1
2024-12-29 18:07:08,Z30096E1655C026E8A081Z,Non-Slip Yoga Mat,MELA MELA,NA,NA,N,119,79.95,Y,NA,https://www.noon.com/uae-en/mela-non-slip-yoga-mat-for-home-gym-6mm-thick-eco-friendly-tpe-cushioned-exercise-mat-with-carry-strap-perfect-for-yoga-pilates-fitness-training-gymnastics-essentials-pink/Z30096E1655C026E8A081Z/p/?o=z30096e1655c026e8a081z-1
